id,width[],height[],author[],width[],height[],author[],width[],height[],author[]
1,1024,683,Michael Majerus,1024,850,Lindsay Bowes,1024,782,Gilles San Martins
2,1024,683,APP,1024,718,Gilles San Martins,,,
3,1024,794,David Benham,1024,683,Michael Majerus,1024,658,Gilles San Martins
4,1024,772,Stephen Barlow,1024,665,Stephen Barlow,1024,839,Philip Appleyard
5,1024,716,Peter Brown,1024,678,Gilles San Martins,1024,678,Gilles San Martins
6,1024,731,Maris Midgley,1024,839,Richard Comont,1024,683,Stephen Barlow
7,1024,762,Gilles San Martins,,,,,,
8,1024,678,Gilles San Martins,1024,778,Gilles San Martins,1024,768,Bruce Martin
9,1024,678,Gilles San Martins,1024,683,Michael Majerus,1024,686,Gilles San Martins
10,1024,678,Gilles San Martins,1024,641,Stephen Barlow,1024,680,Richard Comont
11,1024,683,Michael Majerus,1024,685,Richard Comont,1024,678,Gilles San Martins
12,1024,683,Michael Kilner,1024,683,Michael Kilner,1024,712,Michael Majerus
13,1024,678,Richard Comont,1024,840,Richard Comont,1024,683,Ignacio Alonso
14,1024,686,Gilles San Martins,1024,683,Michael Majerus,1024,683,Michael Majerus
15,1024,678,Gilles San Martins,1024,678,Gilles San Martins,1024,768,Helen Roy
16,1024,682,Michael Kilner,1024,854,Michael Majerus,1024,802,Roger Wilson
17,1024,683,Michael Majerus,1024,685,Gilles San Martins,1024,686,Gilles San Martins
18,1024,804,Richard Comont,1024,678,Gilles San Martins,1024,788,Richard Comont
19,1024,730,Maris Midgley,1024,683,Remy Poland,1024,686,Gilles San Martins
20,1024,678,Gilles San Martins,1024,683,Michael Majerus,,,
21,1024,686,Gilles San Martins,1024,678,Gilles San Martins,1024,685,Gilles San Martins
22,1024,678,Gilles San Martins,1024,999,Claire Watson,1024,731,Claire Watson
23,1024,819,Anne Sorbes,1024,732,Maris Midgley,1024,732,Maris Midgley
24,1024,685,Handy,1024,845,Richard Comont,,,
25,1024,678,Gilles San Martins,1024,731,Maris Midgley,1024,844,Michael Majerus
26,1024,763,Peter Brown,,,,,,
27,1024,721,Koenraad Bracke,,,,,,
28,1024,685,Gilles San Martins,1024,683,Michael Majerus,1024,742,Richard Comont
29,1024,685,Gilles San Martins,1024,683,Michael Majerus,,,
30,1024,683,Michael Majerus,,,,,,
31,1024,784,Ken Dolbear,1024,685,Gilles San Martins,1024,879,Michael Majerus
32,1024,819,Paul Brothers,1024,730,Maris Midgley,1024,865,Michael Majerus
33,1024,683,Miroslav Fiala,,,,,,
34,1024,797,Stanislav Krejčík,,,,,,
35,1024,794,Stanislav Krejčík,,,,,,
36,1024,678,Gilles San Martins,1024,683,Edward Bartoszewicz,1024,768,Toni Watt
37,1024,678,Gilles San Martins,1024,678,Gilles San Martins,1024,886,Richard Comont
38,1024,736,Ken Dolbear,1024,716,Michael Majerus,1024,1357,Ken Dolbear
39,1024,683,Michael Majerus,1024,781,Michael Majerus,1024,686,Gilles San Martins
40,1024,875,Gilles San Martins,1024,678,Gilles San Martins,1024,682,Alby Oakshott
41,1024,685,Gilles San Martins,1024,828,Paul Brothers,1024,685,Gilles San Martins
42,1024,1441,Josef Dvořák,,,,,,
43,1024,1364,Josef Dvořák,,,,,,
44,1024,678,Gilles San Martins,1024,678,Gilles San Martins,,,
45,1024,1343,Oldřich Nedvěd,,,,,,
46,1024,780,Oldřich Nedvěd,,,,,,
47,1024,881,Oldřich Nedvěd,,,,,,
48,1024,685,Gilles San Martins,1024,686,Gilles San Martins,1024,678,Gilles San Martins
49,1024,678,Gilles San Martins,1024,1365,Oldřich Nedvěd,,,
50,1024,685,Gilles San Martins,1024,686,Gilles San Martins,1024,1365,Oldřich Nedvěd
51,1024,685,Gilles San Martins,1024,769,Jelena Pincta,1024,1365,Oldřich Nedvěd
52,1024,686,Gilles San Martins,1024,686,Gilles San Martins,1024,686,Gilles San Martins
53,1024,796,Jiří Skuhrovec,,,,,,
54,1024,686,Gilles San Martins,1024,686,Gilles San Martins,1024,1365,Oldřich Nedvěd
55,1024,686,Gilles San Martins,1024,1148,Jiří Skuhrovec,,,
56,1024,678,Gilles San Martins,1024,678,Gilles San Martins,1024,678,Gilles San Martins
57,1024,1365,Oldřich Nedvěd,,,,,,
58,1024,1212,Oldřich Nedvěd,,,,,,
59,1024,678,Gilles San Martins,1024,678,Gilles San Martins,1024,678,Gilles San Martins
60,1024,686,Gilles San Martins,1024,686,Gilles San Martins,1024,685,Gilles San Martins
61,1024,683,Gilles San Martins,1024,1365,Oldřich Nedvěd,,,
62,1024,686,Gilles San Martins,1024,1145,Jiří Skuhrovec,,,
63,1024,740,Gilles San Martins,1024,772,Gilles San Martins,,,
64,1024,678,Gilles San Martins,1024,787,Gilles San Martins,1024,678,Gilles San Martins
65,1024,795,Jiří Skuhrovec,,,,,,
66,1024,747,Jiří Skuhrovec,,,,,,
67,1024,707,Andgelo Mombert,1024,683,H. Bouyon Permision,,,
68,1024,821,Nicola Bormolini,1024,1001,Nicola Bormolini,1024,823,Nicola Bormolini
69,1024,1365,Oldřich Nedvěd,,,,,,
70,1024,776,Jiří Skuhrovec,,,,,,
71,1024,678,Gilles San Martins,1024,678,Gilles San Martins,1024,678,Gilles San Martins
72,1024,839,Saulo Bambi,,,,,,
